password,first_name,last_name,email,user_name
eg5wDFK,Thibaud,Hutley,thutley0@xing.com,thutley0
P4fL1blS48M9,Reena,Nind,rnind1@google.de,rnind1
GmbcVo4,Elwood,Kedge,ekedge2@opensource.org,ekedge2
AqcBDoVdLnwY,Will,Bahike,wbahike3@mtv.com,wbahike3
3xvle2mXG7U,Mignonne,Moulson,mmoulson4@nyu.edu,mmoulson4
psCF8B0kY,Sax,Badrick,sbadrick5@answers.com,sbadrick5
9wmyiVMBcJri,Aron,Rennick,arennick6@harvard.edu,arennick6
nZTqDd1x,Augustin,Grzesiewicz,agrzesiewicz7@ted.com,agrzesiewicz7
1glF3bJpy48,Edvard,Marner,emarner8@upenn.edu,emarner8
9rvRAkKgpko,Shellie,McMurraya,smcmurraya9@gnu.org,smcmurraya9
rr8bTDM8ZY,Angus,Cornwall,acornwalla@jigsy.com,acornwalla
J7epapV,Emogene,Malitrott,emalitrottb@umn.edu,emalitrottb
DsmrGHE0Km72,Adelice,Ryves,aryvesc@goo.gl,aryvesc
gytfTuJJy,Jaynell,Kuban,jkuband@amazon.co.uk,jkuband
VI3csLgLE,Katerina,Dingsdale,kdingsdalee@dailymotion.com,kdingsdalee
9ceVHfA9KRt,Ely,Cornels,ecornelsf@economist.com,ecornelsf
qz7cDvnyA,Reggis,Oldroyde,roldroydeg@plala.or.jp,roldroydeg
dAvLm8u,Debera,Lambarton,dlambartonh@cafepress.com,dlambartonh
s4XOM80y,Gerrard,Lansdowne,glansdownei@squidoo.com,glansdownei
rDuTq35jpS,Aylmar,Thomsson,athomssonj@rediff.com,athomssonj
2oefwNqG2ku,Fay,Luggar,fluggark@wisc.edu,fluggark
8mDnyHV0,Ashli,Mitchall,amitchalll@thetimes.co.uk,amitchalll
sCsLjdVrms1,Roddy,Cory,rcorym@dailymotion.com,rcorym
soO1QADmeRg,Gratia,Ganforth,gganforthn@fda.gov,gganforthn
BCf4WQIv,Corrie,Weeds,cweedso@nifty.com,cweedso
CJ88wtpE,Demetre,Witherden,dwitherdenp@nyu.edu,dwitherdenp
yQZ9p6M1,Crissie,Faunt,cfauntq@github.io,cfauntq
3RA9Sunq,Mahalia,Crisford,mcrisfordr@angelfire.com,mcrisfordr
M1pwBmRABJY,Bayard,Slader,bsladers@webeden.co.uk,bsladers
04wihNK,Celka,Faherty,cfahertyt@princeton.edu,cfahertyt
P7bt1NNqlm,Dolly,Eagle,deagleu@plala.or.jp,deagleu
svO5Ln3HWDo,Wilma,Chesnut,wchesnutv@apple.com,wchesnutv
Am5f4T7Sjqtm,Brigit,Snazel,bsnazelw@domainmarket.com,bsnazelw
2bjhzV,Teddy,Rosas,trosasx@go.com,trosasx
XUpLSiu,Klemens,Moxstead,kmoxsteady@harvard.edu,kmoxsteady
SZ7GZ3,Brenden,Ploughwright,bploughwrightz@facebook.com,bploughwrightz
mr6e5aNb,Rhianna,McCrory,rmccrory10@tinypic.com,rmccrory10
h8EWcdpopxxb,Shell,Severn,ssevern11@weather.com,ssevern11
T09hbZiCZL,Maren,Tootin,mtootin12@forbes.com,mtootin12
BMVtk1l,Lana,Dykins,ldykins13@istockphoto.com,ldykins13
eSuihxq8,Shaina,Jagiello,sjagiello14@exblog.jp,sjagiello14
LuGUSR,Eolanda,Bonnor,ebonnor15@so-net.ne.jp,ebonnor15
6TS8n1g,Riordan,Yarker,ryarker16@cocolog-nifty.com,ryarker16
2YeQhcPNk,Kaleb,Nance,knance17@purevolume.com,knance17
bmfzjE,Yehudit,Lauks,ylauks18@cpanel.net,ylauks18
X7W8iuS8P,Gare,Hyman,ghyman19@ebay.com,ghyman19
nylNX8UII7p,Michel,Grieve,mgrieve1a@cnet.com,mgrieve1a
IgTEH4INJjwv,Mickie,Stallworthy,mstallworthy1b@acquirethisname.com,mstallworthy1b
nX12SWWu,Henrietta,Brolan,hbrolan1c@google.ru,hbrolan1c
ibUPdp4NH,Clementine,Topliss,ctopliss1d@people.com.cn,ctopliss1d
vKa1h7b,Irvine,Whorlow,iwhorlow1e@qq.com,iwhorlow1e
x1cL2n7gc,Otha,Lis,olis1f@dion.ne.jp,olis1f
rEI73Xm9,Junina,Allridge,jallridge1g@who.int,jallridge1g
WQqkdxPk,Julietta,Legrand,jlegrand1h@answers.com,jlegrand1h
K5OLPs,Rudd,Westraw,rwestraw1i@ning.com,rwestraw1i
eznSko1UJzuk,Debi,Guillot,dguillot1j@blogger.com,dguillot1j
NKoTVq3,Dolley,Queripel,dqueripel1k@studiopress.com,dqueripel1k
2NnXQg7x1,Lisbeth,Paquet,lpaquet1l@bbb.org,lpaquet1l
LvfAfrP6q,Morton,Samsonsen,msamsonsen1m@arizona.edu,msamsonsen1m
yiLYdXnft8h,Kane,Drayton,kdrayton1n@constantcontact.com,kdrayton1n
eYiswnp4zf,Marion,Morrell,mmorrell1o@ftc.gov,mmorrell1o
WyK6whKu,Linell,Estcot,lestcot1p@discovery.com,lestcot1p
dFh3MiAyBcHS,Falito,Farnill,ffarnill1q@nytimes.com,ffarnill1q
Xg6NCSSd8k8,Saunders,Brace,sbrace1r@scribd.com,sbrace1r
ZQyIToJk5G,Katine,Pattisson,kpattisson1s@xinhuanet.com,kpattisson1s
9mI22HEnucd,Chancey,Symmers,csymmers1t@wix.com,csymmers1t
Q01vjeyQ,Oran,Jedrasik,ojedrasik1u@smugmug.com,ojedrasik1u
CCwa9at4Pr,Sandie,Grutchfield,sgrutchfield1v@bbb.org,sgrutchfield1v
LcrLXMhGB8KQ,Karin,Coolican,kcoolican1w@microsoft.com,kcoolican1w
jpc3Fl,Robinia,Giaomozzo,rgiaomozzo1x@google.fr,rgiaomozzo1x
h2wH7Cc6,Elmer,Sired,esired1y@imgur.com,esired1y
LiasfE,Tod,Buttwell,tbuttwell1z@fastcompany.com,tbuttwell1z
83D9jO,Sonny,Cottam,scottam20@fastcompany.com,scottam20
kvKWIo,Yettie,Partrick,ypartrick21@i2i.jp,ypartrick21
zo9c5L7Kt,Teddi,Sineath,tsineath22@quantcast.com,tsineath22
GT7XmZ8p,Matelda,Clamo,mclamo23@who.int,mclamo23
RPqapQ,Pacorro,Krink,pkrink24@businessinsider.com,pkrink24
nxjMMFq5z,Flin,Pointon,fpointon25@reverbnation.com,fpointon25
UbTYIdx4,Cinda,Apps,capps26@dailymail.co.uk,capps26
1fDLF9k,Dulcie,Fleetham,dfleetham27@aol.com,dfleetham27
4sHjlQTzK91Q,Kimball,Ardron,kardron28@mediafire.com,kardron28
G8xWMx,Jaymee,McCooke,jmccooke29@issuu.com,jmccooke29
dR5PN0G,Morissa,Nowick,mnowick2a@mozilla.com,mnowick2a
9yQOI1j,Kora,Gledhall,kgledhall2b@ucsd.edu,kgledhall2b
sK0M3Bc,Lane,Beatens,lbeatens2c@ucoz.com,lbeatens2c
kRKQro,Cyb,Sirman,csirman2d@java.com,csirman2d
HJG1e8dXB,Richart,Damerell,rdamerell2e@php.net,rdamerell2e
PzACn3aDxB0h,Viviene,Grestye,vgrestye2f@facebook.com,vgrestye2f
Mj4rA4sg,Marguerite,Tall,mtall2g@miitbeian.gov.cn,mtall2g
ahcixKMP8d,Rowan,Badland,rbadland2h@hexun.com,rbadland2h
YSZvQ6leMF,Fae,Skilling,fskilling2i@dedecms.com,fskilling2i
b1M6FGw3ZiXP,Brena,Gregorio,bgregorio2j@discovery.com,bgregorio2j
EbWJ5Eksh,Abba,Lyons,alyons2k@ehow.com,alyons2k
2BeyzVksxgT,Eugenio,McNeillie,emcneillie2l@blogspot.com,emcneillie2l
VVC4pmsPq,Juieta,Jerrom,jjerrom2m@google.cn,jjerrom2m
HfqjDY8m7,Windham,Sunley,wsunley2n@cargocollective.com,wsunley2n
gj45O0C,Raimundo,Grigolon,rgrigolon2o@japanpost.jp,rgrigolon2o
c6Je8X4BvSV,Ali,Burnage,aburnage2p@oakley.com,aburnage2p
hySNoTRlPb,Thebault,Ragate,tragate2q@usnews.com,tragate2q
TlJ0b3SiGKKE,Jack,Maltman,jmaltman2r@tripod.com,jmaltman2r
L2T6Z8jNEwY,Rhody,Stapele,rstapele2s@behance.net,rstapele2s
OYO9bBAi,Giorgia,Bagehot,gbagehot2t@sohu.com,gbagehot2t
f0WM7scjx,Flint,Segge,fsegge2u@earthlink.net,fsegge2u
V6Wg1o7QlSa,Henrieta,Rayworth,hrayworth2v@posterous.com,hrayworth2v
RVpy8B,Milty,Balser,mbalser2w@rediff.com,mbalser2w
dzfsNeiy8lL,Mireille,Esmonde,mesmonde2x@bloomberg.com,mesmonde2x
xo00WBDaRW,Cesar,Breem,cbreem2y@theglobeandmail.com,cbreem2y
6mP7t9iU,Megen,Plevey,mplevey2z@abc.net.au,mplevey2z
f2GWbtigiPw,Danell,Peattie,dpeattie30@jiathis.com,dpeattie30
jrsTiJeaSE,Nicolais,Sproule,nsproule31@amazonaws.com,nsproule31
xjxYb1P6DC6G,Britta,Valsler,bvalsler32@wsj.com,bvalsler32
QHZtZzPR16f,Tanny,Polglase,tpolglase33@nytimes.com,tpolglase33
mHew2VWhD75,Gilbertine,Surgenor,gsurgenor34@shinystat.com,gsurgenor34
udj3pd,Addia,MacCardle,amaccardle35@bloomberg.com,amaccardle35
BZxDXxaci,Jobey,Bartels-Ellis,jbartelsellis36@ow.ly,jbartelsellis36
R8YEzZcXfOM,Rea,Speirs,rspeirs37@liveinternet.ru,rspeirs37
epvRvW19p,Benita,Davidoff,bdavidoff38@theglobeandmail.com,bdavidoff38
88Zall,Midge,Goutcher,mgoutcher39@ycombinator.com,mgoutcher39
hw4uWJdHxPK,Ilysa,Skrines,iskrines3a@clickbank.net,iskrines3a
GoGrj57geIg,Hadrian,Simionescu,hsimionescu3b@google.com.br,hsimionescu3b
k2XbvZQ,Bentley,Lorden,blorden3c@google.co.jp,blorden3c
CEskxxg,Gene,Speight,gspeight3d@sfgate.com,gspeight3d
UYr6H8b4kM,Kaiser,Hamprecht,khamprecht3e@marriott.com,khamprecht3e
JjtiNfGu,Fransisco,De Hailes,fdehailes3f@cdc.gov,fdehailes3f
Oww6X5M,Vernen,Mongan,vmongan3g@google.ru,vmongan3g
beG19Q7VYg0M,Goddard,Postgate,gpostgate3h@i2i.jp,gpostgate3h
hV7U07,Rowland,Timson,rtimson3i@msn.com,rtimson3i
LlEKHV5w1VuU,Pammy,Duffitt,pduffitt3j@photobucket.com,pduffitt3j
60PXc3PhjIa,Adela,Bernard,abernard3k@dion.ne.jp,abernard3k
QgNWTIWcFzS,Amalle,Standbridge,astandbridge3l@cloudflare.com,astandbridge3l
kzvFnJ,Skylar,Danzey,sdanzey3m@mozilla.org,sdanzey3m
0PfEESyS,Jonathon,McCheyne,jmccheyne3n@cisco.com,jmccheyne3n
86mWXD0Xu,Cece,Ghiroldi,cghiroldi3o@webnode.com,cghiroldi3o
umk0h4lE,Jillane,Crawford,jcrawford3p@fema.gov,jcrawford3p
uLWHhWROP,Seamus,Sweeting,ssweeting3q@wikia.com,ssweeting3q
5abf5rWTKU6,Christoforo,Doody,cdoody3r@yahoo.co.jp,cdoody3r
9tvvba802,Farand,Andresen,fandresen3s@reddit.com,fandresen3s
Gaj52OU6FT,Blondy,Spir,bspir3t@dyndns.org,bspir3t
vC45P9WFGy,Enrique,Richfield,erichfield3u@reference.com,erichfield3u
4YlKBnJ3EO,Hyman,Cupitt,hcupitt3v@google.de,hcupitt3v
EOZmUTYM,Valry,Eary,veary3w@jiathis.com,veary3w
7ft9Q5p,Edy,Yancey,eyancey3x@vistaprint.com,eyancey3x
H3vRBT,Marty,Southouse,msouthouse3y@macromedia.com,msouthouse3y
67ASQEcH,Monty,Puckham,mpuckham3z@cam.ac.uk,mpuckham3z
kDnxdaWYV,Merl,Antos,mantos40@google.es,mantos40
tQrOlyLe9q,Hershel,Welbourn,hwelbourn41@wordpress.com,hwelbourn41
upWVoViY,Tiffani,Astlatt,tastlatt42@shop-pro.jp,tastlatt42
5somAGg58m,Gannon,Nucci,gnucci43@prlog.org,gnucci43
6m8JA9SybqyE,Anna-diana,Kesterton,akesterton44@apache.org,akesterton44
Z0G16VmKzm,Tabina,Bolden,tbolden45@japanpost.jp,tbolden45
vf0NgmCfFC,Christoffer,Celiz,cceliz46@army.mil,cceliz46
eAMBLUOj41,Pam,Hammond,phammond47@soundcloud.com,phammond47
IaHJbIMbsttP,Suzanne,Pinson,spinson48@twitpic.com,spinson48
xH0ZoeOlHTc,Christiana,Jeacock,cjeacock49@independent.co.uk,cjeacock49
8it1ynjWxS,Geoffry,Izaac,gizaac4a@wired.com,gizaac4a
u6Ar1kZn,Courtenay,Hartas,chartas4b@webmd.com,chartas4b
19kfoyUxiFBX,Holt,Hayzer,hhayzer4c@drupal.org,hhayzer4c
HSzYnUeJ11bq,Clarita,Fann,cfann4d@instagram.com,cfann4d
JatZ8k,Alikee,Lagne,alagne4e@deliciousdays.com,alagne4e
Ohe48hUj,Addie,McTurlough,amcturlough4f@icq.com,amcturlough4f
bOC4Q96G,Victoria,Jarnell,vjarnell4g@github.io,vjarnell4g
PPMftrSl16Z,Rasla,Hustings,rhustings4h@xrea.com,rhustings4h
bfXyPw68,Sam,Geldeard,sgeldeard4i@tinypic.com,sgeldeard4i
vtKD09u5E,Alix,Spilstead,aspilstead4j@archive.org,aspilstead4j
PaIHqt1m7,Westley,Exton,wexton4k@ifeng.com,wexton4k
JoRjOpSt8ZCa,Esma,Tolwood,etolwood4l@cnet.com,etolwood4l
h0PhjQD,Roanne,Hookes,rhookes4m@clickbank.net,rhookes4m
zibfBG89,Maxy,Kenforth,mkenforth4n@blogs.com,mkenforth4n
xejmdUtRXB,Arabella,Burtt,aburtt4o@indiatimes.com,aburtt4o
PGrW8eayk1,Dosi,Cunradi,dcunradi4p@storify.com,dcunradi4p
b9MD50XLjqn,Barris,Pinke,bpinke4q@ameblo.jp,bpinke4q
1QB66Fw4Y,Tory,Weatherhead,tweatherhead4r@microsoft.com,tweatherhead4r
FydZiHqR1q,Moyra,Yglesias,myglesias4s@ft.com,myglesias4s
OyEi18qbc7gI,Hort,Lamplough,hlamplough4t@studiopress.com,hlamplough4t
prkecBeV,Brandtr,McLorinan,bmclorinan4u@tuttocitta.it,bmclorinan4u
5qT22rmaW,Udale,Fike,ufike4v@google.ru,ufike4v
hGhLr4Abb,Tabby,Yitzovitz,tyitzovitz4w@blogs.com,tyitzovitz4w
kVnQD0rujL7,Janifer,Sprade,jsprade4x@usda.gov,jsprade4x
a37VZMH,Sutherlan,Kleanthous,skleanthous4y@fc2.com,skleanthous4y
MOEm305v,Kareem,Giberd,kgiberd4z@histats.com,kgiberd4z
8yA019bJc,Dunc,Gionettitti,dgionettitti50@com.com,dgionettitti50
bBMBKJROS,Berke,Strudwick,bstrudwick51@xrea.com,bstrudwick51
qFjBbdoBp,Angelita,Arnell,aarnell52@soup.io,aarnell52
1N4Pdthy,Stewart,Noades,snoades53@ibm.com,snoades53
FZo8P1,Fowler,Heinemann,fheinemann54@goodreads.com,fheinemann54
DrJcOXNKMOEB,Violante,Kentish,vkentish55@surveymonkey.com,vkentish55
7sgZAPsm,Adrea,Widdison,awiddison56@upenn.edu,awiddison56
z0pBP59yKa,Aubine,Garter,agarter57@shareasale.com,agarter57
s2BBBeWm,Angela,Checchi,achecchi58@senate.gov,achecchi58
pc3EbSd,Artus,Poltun,apoltun59@mtv.com,apoltun59
OpPLImCVFaWS,Hermione,Juanico,hjuanico5a@pbs.org,hjuanico5a
uAtwOHCq,Maxie,Milam,mmilam5b@google.fr,mmilam5b
K6Emm3,Barty,Yegorev,byegorev5c@wikispaces.com,byegorev5c
Z2Re7qCcJc,Rodrick,Cobbald,rcobbald5d@taobao.com,rcobbald5d
USX5Xri,Lynnet,Hodgin,lhodgin5e@exblog.jp,lhodgin5e
XeBJRLLq,Vania,Blodget,vblodget5f@naver.com,vblodget5f
3PNXGB1SMX7,Bertha,Bulle,bbulle5g@ustream.tv,bbulle5g
ByoQa2sI,Blane,Bilbery,bbilbery5h@who.int,bbilbery5h
hTsLFiPW,Charo,Zipsell,czipsell5i@boston.com,czipsell5i
xGOJJa0EX1,Ezechiel,Beadell,ebeadell5j@myspace.com,ebeadell5j
yY2eA58,Blithe,Sijmons,bsijmons5k@zimbio.com,bsijmons5k
6fXaFKu,Natasha,Stickins,nstickins5l@godaddy.com,nstickins5l
5aJ6YzJ7B9,Kirk,Pawle,kpawle5m@foxnews.com,kpawle5m
C1bRobY4kc,Ilyssa,Gingold,igingold5n@google.ru,igingold5n
0MS8jL,Sapphire,Karp,skarp5o@yale.edu,skarp5o
SLATWIJA,Ingelbert,Bassett,ibassett5p@ftc.gov,ibassett5p
G08G9amta,Devan,Lipgens,dlipgens5q@ucoz.com,dlipgens5q
RTJ98yPCHkf,Ewell,Grossman,egrossman5r@senate.gov,egrossman5r
aVIL6i6Z,Claiborn,Silwood,csilwood5s@topsy.com,csilwood5s
UdTmp6,Jane,Sinncock,jsinncock5t@networksolutions.com,jsinncock5t
83EEua,Kaine,Andreas,kandreas5u@exblog.jp,kandreas5u
alhnjGr,Miran,Stammirs,mstammirs5v@eepurl.com,mstammirs5v
Kdkm2VTpB,Zena,Jiroutka,zjiroutka5w@apple.com,zjiroutka5w
QwgVhG7,Titus,Doerrling,tdoerrling5x@omniture.com,tdoerrling5x
zawYyj5Vxx0,Nissa,Bourgourd,nbourgourd5y@rakuten.co.jp,nbourgourd5y
iZnWcN46,Ashli,Hendrickx,ahendrickx5z@vimeo.com,ahendrickx5z
3qbb81N7eKjs,Stevana,Haysey,shaysey60@domainmarket.com,shaysey60
571VKWRaPOoX,Tommy,Phipard-Shears,tphipardshears61@wordpress.com,tphipardshears61
eV7D6uSmb,Millard,Laying,mlaying62@tamu.edu,mlaying62
1PeWD4wiGDJx,Tye,Denisyuk,tdenisyuk63@technorati.com,tdenisyuk63
YhOOXVxH8jJ,Rowen,Olland,rolland64@apple.com,rolland64
IAdhMjjT6Z,Kaylee,Hardes,khardes65@twitpic.com,khardes65
IUrZaY4r,Deva,Vowdon,dvowdon66@washington.edu,dvowdon66
5aWRQXAM,Doria,Plaide,dplaide67@clickbank.net,dplaide67
sTOp1LoK,Arvy,Covet,acovet68@stanford.edu,acovet68
1jUKfuEgY,Kerby,Edginton,kedginton69@bigcartel.com,kedginton69
beyH4LJam,Clyde,Perett,cperett6a@cocolog-nifty.com,cperett6a
amqkyefM5kj,Manda,Casford,mcasford6b@angelfire.com,mcasford6b
9pIhlIFiB,Kalindi,Babar,kbabar6c@merriam-webster.com,kbabar6c
C3QiQTK2dRiP,Chev,Mardling,cmardling6d@ox.ac.uk,cmardling6d
4r9k2a0eex,Yankee,Merkle,ymerkle6e@dion.ne.jp,ymerkle6e
OPgdQav7a,Arleta,Romi,aromi6f@pagesperso-orange.fr,aromi6f
lvcbs852w4Dk,Kristofer,Eadington,keadington6g@dyndns.org,keadington6g
YqmFB3umPp,Far,Wisker,fwisker6h@pbs.org,fwisker6h
6ont8MR,Umberto,Muncey,umuncey6i@blinklist.com,umuncey6i
jwvVlHzMGnx,Valdemar,Gussie,vgussie6j@twitter.com,vgussie6j
16O1qWCM,Barrie,Heball,bheball6k@tmall.com,bheball6k
HBMAP4NaF0,Charlie,Ashworth,cashworth6l@reuters.com,cashworth6l
rEGfTl,Ernestine,Tindley,etindley6m@yellowbook.com,etindley6m
7tnJryQ4ZF,Goldia,Seaton,gseaton6n@time.com,gseaton6n
A7gWl85,Marga,Beaument,mbeaument6o@boston.com,mbeaument6o
MoRHsCr1,Llewellyn,Moule,lmoule6p@sfgate.com,lmoule6p
Ou4eA1sY,Dal,Mauvin,dmauvin6q@shareasale.com,dmauvin6q
7UmSICmqcQP2,Mycah,Benterman,mbenterman6r@yahoo.co.jp,mbenterman6r
Oq7D44,Tanner,Gartland,tgartland6s@cocolog-nifty.com,tgartland6s
bgJGQbw09UZ,Nathalia,Beeswing,nbeeswing6t@nature.com,nbeeswing6t
evtF8OR,Armand,Twittey,atwittey6u@com.com,atwittey6u
NMxHvxt,Kali,Townrow,ktownrow6v@arizona.edu,ktownrow6v
RVfRYtxXo9,Lisetta,Servante,lservante6w@digg.com,lservante6w
4h84VAoG,Essie,Wooler,ewooler6x@google.pl,ewooler6x
bkOUcIGd,Rosaline,Trusty,rtrusty6y@imdb.com,rtrusty6y
od06oo,Gunner,Shinner,gshinner6z@xing.com,gshinner6z
bjKR6UgnmIf,Jo,Pury,jpury70@mit.edu,jpury70
6EFVAjgfm1t9,Kaylil,Clarkin,kclarkin71@nhs.uk,kclarkin71
9YrJCieH,Ferdy,Karleman,fkarleman72@newyorker.com,fkarleman72
HoXqJLN,Fredrick,Andrag,fandrag73@fastcompany.com,fandrag73
6ERk8jqxFQ,Merola,Poetz,mpoetz74@shutterfly.com,mpoetz74
IfA6cpjM9,Charlotta,Cowins,ccowins75@cargocollective.com,ccowins75
eaciZWeqYD,Alvinia,Baynard,abaynard76@photobucket.com,abaynard76
fauv5QaB8i2g,Blinni,Hawthorne,bhawthorne77@netvibes.com,bhawthorne77
BGHwCp8,Winfield,Harefoot,wharefoot78@princeton.edu,wharefoot78
cBfZAnFiR0xF,Brody,MacGarrity,bmacgarrity79@ustream.tv,bmacgarrity79
MbbQir,Rabbi,Cusick,rcusick7a@sina.com.cn,rcusick7a
kDpKRYYxA,Jacquetta,Thick,jthick7b@posterous.com,jthick7b
C0IWHvNDGLi,June,Higford,jhigford7c@china.com.cn,jhigford7c
NL6XYJ,Pren,L'Episcopio,plepiscopio7d@naver.com,plepiscopio7d
Mg5JwbQLGO2X,Bernelle,Benza,bbenza7e@networksolutions.com,bbenza7e
3jzeJv,Manya,MacAiline,mmacailine7f@seattletimes.com,mmacailine7f
ATtF8c,Axe,Babbidge,ababbidge7g@chicagotribune.com,ababbidge7g
5J1MVN99cGuB,Teodoor,Daborn,tdaborn7h@desdev.cn,tdaborn7h
w0HCvzH0rui2,Thayne,Pawel,tpawel7i@ifeng.com,tpawel7i
Had21p,Natalie,Yerrill,nyerrill7j@instagram.com,nyerrill7j
7iPeYGov,Arielle,Uglow,auglow7k@gizmodo.com,auglow7k
uErO0Qi0d,Georgeta,Sherebrooke,gsherebrooke7l@sbwire.com,gsherebrooke7l
Pn4s0z,Cesaro,Tedahl,ctedahl7m@tripadvisor.com,ctedahl7m
W9nlP0,Venita,Drackford,vdrackford7n@live.com,vdrackford7n
egUpRnM,Billye,Carrel,bcarrel7o@yellowpages.com,bcarrel7o
zNByVyM,Beatrix,Soot,bsoot7p@amazon.de,bsoot7p
slbFK2p,Neal,Hardinge,nhardinge7q@geocities.com,nhardinge7q
8qaDAEb8uHX,Christen,Mowsdill,cmowsdill7r@webnode.com,cmowsdill7r
dN75ubuNzGHS,Maureen,Edelheit,medelheit7s@friendfeed.com,medelheit7s
Bs8FgFGEKTCB,Tierney,Dallicoat,tdallicoat7t@sun.com,tdallicoat7t
ncHlkAVkW4,Fenelia,Warby,fwarby7u@upenn.edu,fwarby7u
fBnXlKAORu,Sherye,Le Sieur,slesieur7v@goodreads.com,slesieur7v
KpvSdV6a9cyI,Starlin,Rix,srix7w@wix.com,srix7w
waDWqHq6t,Zack,Hinkins,zhinkins7x@shop-pro.jp,zhinkins7x
up2fv4Tv,Leia,Farr,lfarr7y@latimes.com,lfarr7y
iuQb1JQX,Maynord,Scoular,mscoular7z@desdev.cn,mscoular7z
sU46Cn,Tucker,Anyon,tanyon80@vkontakte.ru,tanyon80
Htul4QG2lS,Lionel,Riccioppo,lriccioppo81@hhs.gov,lriccioppo81
9jcyP0IrZ4qW,Hali,Gascoigne,hgascoigne82@oaic.gov.au,hgascoigne82
tsgJ0uRL15bg,Welch,Armal,warmal83@netlog.com,warmal83
h8Gc6BfarU,Oran,Bernardes,obernardes84@wiley.com,obernardes84
sjMVQWsH,Elspeth,Raitt,eraitt85@berkeley.edu,eraitt85
SwR4yUjidUa,Caitrin,Caldes,ccaldes86@constantcontact.com,ccaldes86
4OIIFkEQ,Nonah,Bahlmann,nbahlmann87@alibaba.com,nbahlmann87
O9uno3,Lavinia,McSweeney,lmcsweeney88@noaa.gov,lmcsweeney88
k0WOlHV3N,Fairfax,Lanphier,flanphier89@php.net,flanphier89
ohYGpjUpFDv,Kenna,Stiddard,kstiddard8a@google.cn,kstiddard8a
rFfzbq,Ginnifer,Hustler,ghustler8b@webnode.com,ghustler8b
Los0dl,Dietrich,Harrowing,dharrowing8c@addtoany.com,dharrowing8c
I3vgOiYTFgN,Matilde,Trewartha,mtrewartha8d@arstechnica.com,mtrewartha8d
ySSL1lBNBJ,Opal,Fermoy,ofermoy8e@angelfire.com,ofermoy8e
qNaYJPlI,Sinclair,De Hoogh,sdehoogh8f@cnn.com,sdehoogh8f
0MieTRT9jvy,Rorie,Ourtic,rourtic8g@sciencedaily.com,rourtic8g
qjN8cD,Hernando,Kneller,hkneller8h@ameblo.jp,hkneller8h
cXhcUcraddiA,Minetta,MacIlurick,mmacilurick8i@sina.com.cn,mmacilurick8i
wyurmz,Janka,Canadas,jcanadas8j@army.mil,jcanadas8j
Gx1SamO2TOP,Fredek,Hews,fhews8k@about.me,fhews8k
R6gxXZcFz,Livia,Kindon,lkindon8l@cloudflare.com,lkindon8l
AduuElb7,Halley,Lynock,hlynock8m@tinypic.com,hlynock8m
5fVBVymr2,Kittie,Parren,kparren8n@uol.com.br,kparren8n
2W5sMrR,Ashil,Flaunders,aflaunders8o@hostgator.com,aflaunders8o
pU0l8GA,Inger,Jacobsson,ijacobsson8p@epa.gov,ijacobsson8p
ldUiZd,Annecorinne,Putt,aputt8q@1688.com,aputt8q
rIW57Nv1,Corney,Alty,calty8r@archive.org,calty8r
Lz71mnt,Templeton,Brunetti,tbrunetti8s@latimes.com,tbrunetti8s
8MnPLD,Henrietta,Issitt,hissitt8t@ed.gov,hissitt8t
8KDzzwe68TdN,Meridith,Grishukov,mgrishukov8u@princeton.edu,mgrishukov8u
pgV5PXd,Reg,Goretti,rgoretti8v@examiner.com,rgoretti8v
nObPaZ6,Elfie,Lemmens,elemmens8w@hp.com,elemmens8w
YCoMga04,Garvin,Fewster,gfewster8x@nbcnews.com,gfewster8x
b5COaIUERM4,Lanny,Fernie,lfernie8y@utexas.edu,lfernie8y
jV7a1GJ,Teador,Porritt,tporritt8z@washington.edu,tporritt8z
jS9nvu0,Matty,Hatherall,mhatherall90@dot.gov,mhatherall90
mvmq4CPjNlwM,Dore,Wellesley,dwellesley91@ted.com,dwellesley91
0mF960Wvvl,Cass,Segebrecht,csegebrecht92@state.gov,csegebrecht92
mVZWaAoT,Tally,Killick,tkillick93@dmoz.org,tkillick93
YI4xE3l,Dorrie,Batiste,dbatiste94@blinklist.com,dbatiste94
FPkFXfFqsjM,Van,McKinney,vmckinney95@pen.io,vmckinney95
ipeuviz,Sibyl,Scotson,sscotson96@msu.edu,sscotson96
l1nJ4AR9KF5S,Bunny,Fochs,bfochs97@smugmug.com,bfochs97
CgZRdt7tH,Judd,Seabert,jseabert98@msn.com,jseabert98
PRDQQm,Vicky,Cunnow,vcunnow99@instagram.com,vcunnow99
gDkwo1pBGFw,Link,Dowers,ldowers9a@uol.com.br,ldowers9a
IHooJ5G5,Denyse,Scintsbury,dscintsbury9b@ibm.com,dscintsbury9b
L9HI47sQ6,Wendeline,Hawford,whawford9c@squidoo.com,whawford9c
z2Q86gTEu,Callida,Bathoe,cbathoe9d@narod.ru,cbathoe9d
BeSEPu,Riki,Cliburn,rcliburn9e@samsung.com,rcliburn9e
ylBfODQtG5a,Tanney,Rodge,trodge9f@smugmug.com,trodge9f
CwAMKWq,Von,Barszczewski,vbarszczewski9g@statcounter.com,vbarszczewski9g
F1SdpIwtkTT,Gardie,McGee,gmcgee9h@uiuc.edu,gmcgee9h
mioQrPY,Gerardo,Sowden,gsowden9i@amazonaws.com,gsowden9i
KfI2TA4eXkc,Letizia,Jessope,ljessope9j@liveinternet.ru,ljessope9j
6A2Mn9j,Moina,Lethbury,mlethbury9k@google.co.jp,mlethbury9k
k1gUeNdoFfgP,Stern,Chick,schick9l@nifty.com,schick9l
N7nKJ58,Sax,Wake,swake9m@engadget.com,swake9m
VyanuhZN9,Rosemary,Parkins,rparkins9n@theglobeandmail.com,rparkins9n
RAa6LgS,Joseph,Ipplett,jipplett9o@japanpost.jp,jipplett9o
P2YBvz6gcAm,Ebeneser,McGahern,emcgahern9p@opera.com,emcgahern9p
OBeQ97,Townsend,Henkmann,thenkmann9q@weibo.com,thenkmann9q
z8k8F5BpGEZs,Dick,Jarret,djarret9r@un.org,djarret9r
rhYKiXxf2R,Stormie,Glitherow,sglitherow9s@pinterest.com,sglitherow9s
fh9rxYev,Obed,Rableau,orableau9t@unblog.fr,orableau9t
1VIK7BrS3,Charmion,Cottis,ccottis9u@harvard.edu,ccottis9u
wlI6AP6,Chucho,Foley,cfoley9v@networkadvertising.org,cfoley9v
IpbCYypw,Saleem,Tremontana,stremontana9w@ow.ly,stremontana9w
fiqZnbVARzS,Stephannie,Oxford,soxford9x@delicious.com,soxford9x
7fK74JWT1,Peggy,Kopp,pkopp9y@jiathis.com,pkopp9y
ByrZgwn,Bradley,McKeevers,bmckeevers9z@businessweek.com,bmckeevers9z
iYsIXX9,York,Waterfall,ywaterfalla0@yelp.com,ywaterfalla0
i0Ph7HM,Ned,Roelofs,nroelofsa1@bizjournals.com,nroelofsa1
FE2upIHabm,Pansy,Taunton,ptauntona2@twitter.com,ptauntona2
VF5xu2p,Meghan,Bodiam,mbodiama3@amazon.com,mbodiama3
OTd6xd,Collette,Eaklee,ceakleea4@fema.gov,ceakleea4
68UuJWW,Nikki,Teissier,nteissiera5@ted.com,nteissiera5
EvGKEmEQ3,Averil,Sorrill,asorrilla6@mayoclinic.com,asorrilla6
XskgLkYm,Florenza,Shenley,fshenleya7@princeton.edu,fshenleya7
WMiNPqElU,Alfie,Brockest,abrockesta8@networksolutions.com,abrockesta8
pNxx9iXV,Dana,Lorand,dloranda9@upenn.edu,dloranda9
RU3CKqKAbr,Marybeth,Selland,msellandaa@psu.edu,msellandaa
ySU1Dj,Celestyna,O'Moylan,comoylanab@shinystat.com,comoylanab
XsGZrBitWl2,Hillyer,Priest,hpriestac@google.es,hpriestac
REDvJ8YQt,Cecily,Ruter,cruterad@economist.com,cruterad
BvRf29FsLmS,Rea,Cordie,rcordieae@amazon.com,rcordieae
pzLMc12,Anabel,Raithby,araithbyaf@nba.com,araithbyaf
K2Ug25lPn3v,Salome,Rzehorz,srzehorzag@oakley.com,srzehorzag
jUv62IliUgqd,Evelyn,Hadeke,ehadekeah@rediff.com,ehadekeah
5sfSTrv1o4,Morgan,Kinghorne,mkinghorneai@cyberchimps.com,mkinghorneai
OtB0XMSmMfb,Karlis,Marshman,kmarshmanaj@youtu.be,kmarshmanaj
vbL6H7ef6,Sydney,Kleynen,skleynenak@columbia.edu,skleynenak
eVYv8OktKsT,Maggi,Yegoshin,myegoshinal@pbs.org,myegoshinal
SHhzQ1rLzW6p,Cyrillus,Anten,cantenam@alibaba.com,cantenam
98MiGn,Giana,Gethen,ggethenan@livejournal.com,ggethenan
iOETnV4T,Lenka,Hellyar,lhellyarao@cdc.gov,lhellyarao
R2zRSXxSnj,Kit,Chagg,kchaggap@oracle.com,kchaggap
rRVddIZhxhWr,Giraldo,Mistry,gmistryaq@mozilla.org,gmistryaq
JKnZpUfGlfp,Susanetta,Scholes,sscholesar@cnbc.com,sscholesar
IbfxKMQK52C,Arthur,Valett,avalettas@booking.com,avalettas
SbqGkOTXo,Tallulah,Pennick,tpennickat@drupal.org,tpennickat
f4CFcWu,Ortensia,Barrs,obarrsau@pcworld.com,obarrsau
AJ5MYXVJ,Christoph,Sinnott,csinnottav@usnews.com,csinnottav
mPnP1ZqIfTe,Veriee,Dreng,vdrengaw@fc2.com,vdrengaw
JwD9w7kraBI5,Jacquenetta,Routledge,jroutledgeax@4shared.com,jroutledgeax
pWd8dIymNZX5,Adelaide,Yeomans,ayeomansay@tumblr.com,ayeomansay
4fGQO16ToiH,Jereme,Dreinan,jdreinanaz@wp.com,jdreinanaz
p8R2tqioDZNm,Cornall,Hinchshaw,chinchshawb0@washington.edu,chinchshawb0
CwzVt6LWehvs,Durante,Southcomb,dsouthcombb1@creativecommons.org,dsouthcombb1
MHJWQTW34QQL,Elinore,Tombling,etomblingb2@friendfeed.com,etomblingb2
vLDxzlMPcK,Ellerey,MacPake,emacpakeb3@51.la,emacpakeb3
qT94J0,Randi,Chinnick,rchinnickb4@livejournal.com,rchinnickb4
8VU23uEJ,Viviene,Hume,vhumeb5@rakuten.co.jp,vhumeb5
rAQohcwUjLdR,Gawen,Ber,gberb6@bloglovin.com,gberb6
GVzS6DcDmzA,Ernesto,Christene,echristeneb7@bigcartel.com,echristeneb7
ZaOg6vtmrOEY,Vincenz,Propper,vpropperb8@wufoo.com,vpropperb8
gFoXIjjZ,Micheline,Loseby,mlosebyb9@gnu.org,mlosebyb9
SRCZZV2,Erwin,Yashin,eyashinba@uiuc.edu,eyashinba
OOdo10EPX7,Arnaldo,Arsnell,aarsnellbb@webnode.com,aarsnellbb
IIo4iiWPY,Birgit,Brezlaw,bbrezlawbc@g.co,bbrezlawbc
wOYunGzuD,Fairlie,Betterton,fbettertonbd@vimeo.com,fbettertonbd
A9lDK80,Russ,Keyson,rkeysonbe@weibo.com,rkeysonbe
JiOB23LHV,Viv,Clemmitt,vclemmittbf@narod.ru,vclemmittbf
2gCMgL8NU,Deidre,Krystek,dkrystekbg@cocolog-nifty.com,dkrystekbg
ZEUNGqmH3,Iain,Bordone,ibordonebh@stumbleupon.com,ibordonebh
mgmCqI,Anna-diane,Stivey,astiveybi@meetup.com,astiveybi
LwvLqhYM,Geneva,Halton,ghaltonbj@digg.com,ghaltonbj
PyedUS2sz1R,Rudiger,Balazs,rbalazsbk@blogger.com,rbalazsbk
mprV39,Jaimie,Louiset,jlouisetbl@blogger.com,jlouisetbl
Is7qswjeQ3AE,Oliver,Kerss,okerssbm@economist.com,okerssbm
CscnHnnWz,Odo,Spillane,ospillanebn@si.edu,ospillanebn
5pqqD3o,Alyson,Buckthorpe,abuckthorpebo@weather.com,abuckthorpebo
6w2jQkOy07,Phineas,Hartmann,phartmannbp@cdc.gov,phartmannbp
0RlwT5iR5h,Valentino,McTavish,vmctavishbq@woothemes.com,vmctavishbq
ZdG4C6WD,Arnaldo,Everal,aeveralbr@archive.org,aeveralbr
qrlzYRBT,Hally,Romagosa,hromagosabs@google.es,hromagosabs
AwkYNdX9zdvg,Emmet,Smittoune,esmittounebt@google.ru,esmittounebt
pjHrtuy,Violante,Eaves,veavesbu@joomla.org,veavesbu
yrdcZF8f12v,Wilden,Bunny,wbunnybv@free.fr,wbunnybv
F5qVdg2IbqPx,Brendis,Brimman,bbrimmanbw@themeforest.net,bbrimmanbw
MdJGBR6nHvr,Gus,Swithenby,gswithenbybx@cnbc.com,gswithenbybx
QfXEtWsOW,Godwin,Wanjek,gwanjekby@ow.ly,gwanjekby
pwSYZrkIn,Noella,Pordal,npordalbz@eventbrite.com,npordalbz
fRe1e4WaHrq,Alex,Shedd,asheddc0@europa.eu,asheddc0
F5cPN07lish,Frieda,Criag,fcriagc1@army.mil,fcriagc1
sVGcmLSW,Diego,Asals,dasalsc2@histats.com,dasalsc2
YpHIk0,Isidore,Kale,ikalec3@arizona.edu,ikalec3
hiHPfRfgaK01,Linnea,Tanti,ltantic4@deviantart.com,ltantic4
7KBBwII8e,Athena,Freckelton,afreckeltonc5@disqus.com,afreckeltonc5
Wf1ABBtV3sU,Esme,Jeroch,ejerochc6@bloomberg.com,ejerochc6
sZFXKpp7u,Gerrie,Jockle,gjocklec7@dell.com,gjocklec7
AiMxkz1KIC,Minnaminnie,Spat,mspatc8@boston.com,mspatc8
GOXSiM0nYtS,Merell,Castleton,mcastletonc9@bloomberg.com,mcastletonc9
12RpAm99lN,Corette,Dodson,cdodsonca@google.ru,cdodsonca
g6TBEtNkiM,Ealasaid,Gaywood,egaywoodcb@opera.com,egaywoodcb
IcIzqn,Gaylor,Stanworth,gstanworthcc@friendfeed.com,gstanworthcc
qrZqjaJ,Ray,Cuddon,rcuddoncd@dedecms.com,rcuddoncd
cM11xsN,Rodd,Cuberley,rcuberleyce@washington.edu,rcuberleyce
hdh4SRpNiHi8,Letizia,Winspire,lwinspirecf@disqus.com,lwinspirecf
efIwIgUlTt6,Abram,Friskey,afriskeycg@privacy.gov.au,afriskeycg
kQD5DI,Eugine,Wildor,ewildorch@dailymotion.com,ewildorch
IboTufbfp5,Beltran,Ruckert,bruckertci@mapquest.com,bruckertci
hheuJr25z,Trudey,Lothean,tlotheancj@epa.gov,tlotheancj
6ELCKQo4,Bennie,Bigadike,bbigadikeck@telegraph.co.uk,bbigadikeck
1p9EyCFg3,Herold,Braunton,hbrauntoncl@shop-pro.jp,hbrauntoncl
hKDu1GhuV,Dugald,Puckey,dpuckeycm@chicagotribune.com,dpuckeycm
GIShXC6oQ,Marvin,Tearle,mtearlecn@usda.gov,mtearlecn
8ZkahCaI5krT,Annecorinne,Amberson,aambersonco@drupal.org,aambersonco
JwuJ3hBak,Kendrick,Feckey,kfeckeycp@aboutads.info,kfeckeycp
zB55V94DWZf,Lindy,Hazzard,lhazzardcq@foxnews.com,lhazzardcq
je9bsrIN8Nj2,Juliana,Dingwall,jdingwallcr@multiply.com,jdingwallcr
AV7BQCSm,Johnnie,Dowdeswell,jdowdeswellcs@over-blog.com,jdowdeswellcs
oyyEHxu,Larry,Gannon,lgannonct@ning.com,lgannonct
cYzfvz,Lorenza,Pawling,lpawlingcu@seattletimes.com,lpawlingcu
62qPXs8xFk,Evvie,Bothen,ebothencv@yellowbook.com,ebothencv
jkZNUjygTtJk,Carmine,De Ferrari,cdeferraricw@paypal.com,cdeferraricw
ZZRQevc,Hasty,McCloy,hmccloycx@netvibes.com,hmccloycx
Jzjnil0jZ,Krissy,Shortcliffe,kshortcliffecy@cdbaby.com,kshortcliffecy
kDIQoryh,Renate,Beals,rbealscz@goo.gl,rbealscz
WZrM53gtT0h,Dynah,Skyrm,dskyrmd0@trellian.com,dskyrmd0
lf7a4hshiQlt,Dew,Lumly,dlumlyd1@netvibes.com,dlumlyd1
is1LXfshqcDN,Aleta,Hewson,ahewsond2@china.com.cn,ahewsond2
TseSv1YzAv,Christoffer,Liddard,cliddardd3@topsy.com,cliddardd3
db4AzsAFOuo,Melisse,Swadden,mswaddend4@gov.uk,mswaddend4
YPP7nQ,Stafani,Fuster,sfusterd5@seesaa.net,sfusterd5
MS8P6z,Jasmina,Arrow,jarrowd6@cnbc.com,jarrowd6
uRC2ZDPW,Nina,Ivantyev,nivantyevd7@sitemeter.com,nivantyevd7
pZUi92v,Marika,McLoney,mmcloneyd8@geocities.com,mmcloneyd8
VmZGeTAEA59G,Balduin,Gabbatiss,bgabbatissd9@acquirethisname.com,bgabbatissd9
o0n397JL2gg,Jule,Steggals,jsteggalsda@dailymotion.com,jsteggalsda
GB25Pt2wnbU0,Chicky,Gadaud,cgadauddb@businesswire.com,cgadauddb
YMBJo1,Nat,Surgeoner,nsurgeonerdc@sourceforge.net,nsurgeonerdc
tvbgpDo4XaI,Kathryne,Hadgraft,khadgraftdd@prnewswire.com,khadgraftdd
zpak4Q5,Louisette,McGrail,lmcgrailde@ezinearticles.com,lmcgrailde
qNhFe8,Zorine,Betje,zbetjedf@craigslist.org,zbetjedf
CBaGXVbf1BQ,Sybila,Nassi,snassidg@spotify.com,snassidg
UuaNjaTE,Devy,Atto,dattodh@sogou.com,dattodh
p8z7jHqT,Onfre,Itschakov,oitschakovdi@amazon.co.uk,oitschakovdi
LgVa22,Donnie,Cathrall,dcathralldj@webs.com,dcathralldj
S36PS72,Isabel,Saltman,isaltmandk@shop-pro.jp,isaltmandk
iFzrEZ0XECZ,Gonzales,Gronou,ggronoudl@cornell.edu,ggronoudl
CGbHNRR,Carita,Acarson,cacarsondm@pen.io,cacarsondm
YzCRPJvi,Vanny,MacSween,vmacsweendn@purevolume.com,vmacsweendn
W0pMtuIklcss,Giles,Vicary,gvicarydo@scribd.com,gvicarydo
vlqzMUAB,Consalve,Benge,cbengedp@shinystat.com,cbengedp
X1sqvRXa,Janie,Revell,jrevelldq@yelp.com,jrevelldq
84o4pi2HAy,Lexie,Senecaux,lsenecauxdr@zimbio.com,lsenecauxdr
nY2h2Kh5S,Nowell,Sate,nsateds@is.gd,nsateds
kyjsnUaPH7,Dickie,Skym,dskymdt@meetup.com,dskymdt
0NKzwOtWAx,Nevil,Greensite,ngreensitedu@miibeian.gov.cn,ngreensitedu
3AQ6PPJ,Preston,Leatherbarrow,pleatherbarrowdv@oracle.com,pleatherbarrowdv
MlAGqPYC46f,Cristian,Andryushchenko,candryushchenkodw@360.cn,candryushchenkodw
MsPYQX4,Kimbra,Balnave,kbalnavedx@usda.gov,kbalnavedx
ugHa3cHQ9B,Bernie,Clemot,bclemotdy@zimbio.com,bclemotdy
kH6r5EuWa1n,Marylynne,Bourdon,mbourdondz@amazon.com,mbourdondz
rqS5SUpFswGf,Althea,Samet,asamete0@guardian.co.uk,asamete0
X4Cxiwf0vJzo,Dodie,Grimm,dgrimme1@edublogs.org,dgrimme1
IrFAr5Zia,Halsey,Lindermann,hlindermanne2@baidu.com,hlindermanne2
1p342sAUO,Titus,Yardy,tyardye3@geocities.com,tyardye3
oy8izGTAfi,Valaree,Woollons,vwoollonse4@buzzfeed.com,vwoollonse4
cireGEQqBC5,Leroy,McClure,lmccluree5@sciencedaily.com,lmccluree5
0UCbbn1b4XY,Ardella,Nottram,anottrame6@apple.com,anottrame6
SYcQnngvNP,Zebadiah,Cowen,zcowene7@nymag.com,zcowene7
lyH1fpHFR,Josselyn,Hillock,jhillocke8@163.com,jhillocke8
NH2mM8hUdX,Marrilee,Manchester,mmanchestere9@last.fm,mmanchestere9
S2dmHMZ,Jilli,Luty,jlutyea@discovery.com,jlutyea
JajNat,Dredi,Sneden,dsnedeneb@nsw.gov.au,dsnedeneb
A5ZLXaPFLds,Meg,Heighway,mheighwayec@dmoz.org,mheighwayec
m6CRsJS5,Denni,Laidlow,dlaidlowed@miitbeian.gov.cn,dlaidlowed
fXM2GLw32kST,Martynne,Beckitt,mbeckittee@ox.ac.uk,mbeckittee
SgM5XfG,Efrem,Spincke,espinckeef@lycos.com,espinckeef
2kXJhlKLEDq3,Leoline,Trusse,ltrusseeg@patch.com,ltrusseeg
juTokji,Gerrie,Loreit,gloreiteh@irs.gov,gloreiteh
96ItOJ,Alissa,Millwall,amillwallei@yahoo.com,amillwallei
zJcBYp,Venita,Denisot,vdenisotej@dropbox.com,vdenisotej
JqvMfZBmu01,Stephine,Ackerman,sackermanek@cnbc.com,sackermanek
qYq3fMGc7,Bryn,McGahern,bmcgahernel@apache.org,bmcgahernel
hLlYbE,Wally,Dackombe,wdackombeem@privacy.gov.au,wdackombeem
VaWQjBIV,Walsh,Melody,wmelodyen@vinaora.com,wmelodyen
rvYoMpAl4o,Feliza,Clerk,fclerkeo@nationalgeographic.com,fclerkeo
b3Thz6YRFm,Leontyne,Airs,lairsep@psu.edu,lairsep
jX2iGq,Brittan,Patria,bpatriaeq@tamu.edu,bpatriaeq
Lm7KAR,Aharon,Sleit,asleiter@thetimes.co.uk,asleiter
vr9QUHdRTw,Geoffry,Rummer,grummeres@last.fm,grummeres
hq1q2YAork,Brianna,Daud,bdaudet@icio.us,bdaudet
MRunc1,Zorina,Cristofolini,zcristofolinieu@barnesandnoble.com,zcristofolinieu
6YAehlb3s,Valentine,Yitshak,vyitshakev@youtu.be,vyitshakev
cB36f1JlLnHh,Gussie,Martinec,gmartinecew@google.co.uk,gmartinecew
G9xHiw8t,Kalle,Capehorn,kcapehornex@cocolog-nifty.com,kcapehornex
TCwF2bRNw2x7,Junina,Yeowell,jyeowelley@clickbank.net,jyeowelley
fDmB7mWwOgj,Magdalen,M'cowis,mmcowisez@guardian.co.uk,mmcowisez
19y6hWdK,Devlin,Partridge,dpartridgef0@scribd.com,dpartridgef0
MZjZmgN,Dov,Duguid,dduguidf1@mediafire.com,dduguidf1
07rc48YMXlql,Mendel,Kyston,mkystonf2@opensource.org,mkystonf2
bOvU83bcS,Willi,Stout,wstoutf3@livejournal.com,wstoutf3
ykFsPecv5Pjs,Camey,Dymidowski,cdymidowskif4@uol.com.br,cdymidowskif4
TtWA2Yyg9FJq,Katharine,Baddow,kbaddowf5@wikipedia.org,kbaddowf5
0rU4kYk,Chad,Lavelle,clavellef6@networkadvertising.org,clavellef6
wXuMYATC,Marv,Cuzen,mcuzenf7@dailymotion.com,mcuzenf7
Vng0wh,Bordie,Lowten,blowtenf8@flickr.com,blowtenf8
3by3cXCb,Tully,Baly,tbalyf9@canalblog.com,tbalyf9
HXKFOPO3,Alyda,Hillhouse,ahillhousefa@sakura.ne.jp,ahillhousefa
UnkMB41,Dory,Goretti,dgorettifb@360.cn,dgorettifb
DMh7AXJci0G,Clyve,Eriksson,cerikssonfc@histats.com,cerikssonfc
gjDT6UB,Lorenzo,Danks,ldanksfd@spiegel.de,ldanksfd
b1BXRQP31Ax,Madalena,Palfery,mpalferyfe@mtv.com,mpalferyfe
mZRBBJ,Stephi,Stapleton,sstapletonff@123-reg.co.uk,sstapletonff
xkYFpv99,Frank,Piddle,fpiddlefg@usa.gov,fpiddlefg
bpYCBQ6Cr,Umeko,Grindley,ugrindleyfh@goo.gl,ugrindleyfh
rvOprqjZn6b,Parke,Belsham,pbelshamfi@squidoo.com,pbelshamfi
nnexK4,Gabrila,Cadell,gcadellfj@kickstarter.com,gcadellfj
974nx6rsf,Aguie,O'Moylane,aomoylanefk@booking.com,aomoylanefk
oj0OvCbfQ,Irvin,Cattermole,icattermolefl@europa.eu,icattermolefl
zAcKlkSCV,Sampson,Andriessen,sandriessenfm@bloglines.com,sandriessenfm
ytKRkygbcqmh,Edgar,Pears,epearsfn@bravesites.com,epearsfn
LdvyQLBy,Judith,Lightbody,jlightbodyfo@tinyurl.com,jlightbodyfo
GDmE0PjT6l,Isidore,Humfrey,ihumfreyfp@unc.edu,ihumfreyfp
03u0Vc6R,Keefer,Minchinden,kminchindenfq@gravatar.com,kminchindenfq
kvesYDZ6G,Francyne,Ambroise,fambroisefr@instagram.com,fambroisefr
nYSYbXPw1L,Aggie,Cummins,acumminsfs@china.com.cn,acumminsfs
EafJvX3iQ,Roxie,Buttner,rbuttnerft@freewebs.com,rbuttnerft
byNC57MeS1XV,Lani,Borland,lborlandfu@google.fr,lborlandfu
BCXhpD,Jason,Chiene,jchienefv@oakley.com,jchienefv
Vkh0IvhNIrs,Donn,Cressingham,dcressinghamfw@indiatimes.com,dcressinghamfw
NMRBgpkcnZ,Katinka,Sobieski,ksobieskifx@abc.net.au,ksobieskifx
Z9ekxod1r,Brana,McKniely,bmcknielyfy@reverbnation.com,bmcknielyfy
bWcCZM,Lia,Maine,lmainefz@google.nl,lmainefz
IhWecOWB2z4,Israel,Diego,idiegog0@com.com,idiegog0
AapDvgObGA,Darrick,MacKibbon,dmackibbong1@time.com,dmackibbong1
35JJtIHOT,Irving,Farrand,ifarrandg2@weebly.com,ifarrandg2
8EkmlwV35M,Vaclav,Kliement,vkliementg3@flavors.me,vkliementg3
HnQ8D9b,Neil,Ravenscraft,nravenscraftg4@hexun.com,nravenscraftg4
VdO0Rj,Reinold,Glendinning,rglendinningg5@google.pl,rglendinningg5
4epBewcoH,Melva,Wyss,mwyssg6@dell.com,mwyssg6
jIbVlfMue,Bibby,Cundict,bcundictg7@globo.com,bcundictg7
1WYo36,Kassi,Candwell,kcandwellg8@vimeo.com,kcandwellg8
CkgsRjOy1,Eddi,Berkery,eberkeryg9@bizjournals.com,eberkeryg9
vj2jxMdhTbMf,Ashely,Forbear,aforbearga@deliciousdays.com,aforbearga
rMs49gX,Hedwig,Francois,hfrancoisgb@zimbio.com,hfrancoisgb
GqwnsESzsM,Isidor,Pockey,ipockeygc@ftc.gov,ipockeygc
2TDiyLfAP,Randi,Vigers,rvigersgd@uiuc.edu,rvigersgd
wq4IaH,Timmi,Mc Carrick,tmccarrickge@cloudflare.com,tmccarrickge
wTxeOH7j7d,Jammal,Bonus,jbonusgf@nationalgeographic.com,jbonusgf
ztxffDXm5,Bo,Oatley,boatleygg@live.com,boatleygg
2wq8H1wXCsYV,Charleen,Kippie,ckippiegh@bluehost.com,ckippiegh
GctjyvvLZ,Nathan,Beddows,nbeddowsgi@vk.com,nbeddowsgi
qw0TC9U,Court,Sherborn,csherborngj@over-blog.com,csherborngj
KyZ07PNT,Gusta,Danet,gdanetgk@webmd.com,gdanetgk
DnYtSh,Everard,Vida,evidagl@army.mil,evidagl
aA2Id0a,Cora,Renney,crenneygm@seattletimes.com,crenneygm
ma4t5zYz5,Wynny,Stiegars,wstiegarsgn@ihg.com,wstiegarsgn
ucLAkLR,Butch,Fahrenbach,bfahrenbachgo@statcounter.com,bfahrenbachgo
v0skp0s,Marcello,Sante,msantegp@sakura.ne.jp,msantegp
exvBibF,Saba,Litherland,slitherlandgq@amazon.co.uk,slitherlandgq
7gKGdG,Cele,Pead,cpeadgr@wikipedia.org,cpeadgr
AcyaeLFcQYkh,Goldi,Manifield,gmanifieldgs@ucsd.edu,gmanifieldgs
cSWxv8,Roxane,Gerrett,rgerrettgt@homestead.com,rgerrettgt
7abl3jiiwV9,Mame,Gibbetts,mgibbettsgu@w3.org,mgibbettsgu
TZvSe1L,Lorraine,Kirgan,lkirgangv@mozilla.com,lkirgangv
svTwBinH2,Dorella,Loding,dlodinggw@blogspot.com,dlodinggw
qj42ktFcjJDi,Barn,Casillas,bcasillasgx@google.com,bcasillasgx
g6b3zmR,Arleen,Monaghan,amonaghangy@ifeng.com,amonaghangy
Zsoqw2UFWZ,Beck,Borlease,bborleasegz@nbcnews.com,bborleasegz
fzBoUwp0s,Jennifer,Lines,jlinesh0@utexas.edu,jlinesh0
g8MSHNKWPu,Perry,Christofides,pchristofidesh1@illinois.edu,pchristofidesh1
7OXnCOlLan,Sigvard,Josefovic,sjosefovich2@house.gov,sjosefovich2
w0q3JQOD,Esme,Pessel,epesselh3@hc360.com,epesselh3
GJoh55,Alvan,Medina,amedinah4@bluehost.com,amedinah4
E84540,Theda,Franklin,tfranklinh5@cornell.edu,tfranklinh5
epwvQP,Tammara,Trussman,ttrussmanh6@hubpages.com,ttrussmanh6
WTAMmqzmHzs,Dukie,Bachs,dbachsh7@nymag.com,dbachsh7
0aQfgT,Jocko,Issit,jissith8@tiny.cc,jissith8
lU6Fe0wKQFxG,Pincas,Wickson,pwicksonh9@skyrock.com,pwicksonh9
9pCY1RcaU,Dale,Stelle,dstelleha@stumbleupon.com,dstelleha
RtEj6m,Saree,Disney,sdisneyhb@123-reg.co.uk,sdisneyhb
JKheNRIqbyY,Ania,Disman,adismanhc@sfgate.com,adismanhc
vC6FdUHQ2,Viki,Wadelin,vwadelinhd@howstuffworks.com,vwadelinhd
bFy22eNxTe,Pacorro,D'eath,pdeathhe@miibeian.gov.cn,pdeathhe
1OTywr,Mady,Berick,mberickhf@ucoz.ru,mberickhf
qi6P3HLoFZ26,Heindrick,Hurst,hhursthg@sun.com,hhursthg
rhEsdXshO,Minne,Ticehurst,mticehursthh@jimdo.com,mticehursthh
NixU3sEQMtv,Humfried,Dellatorre,hdellatorrehi@tmall.com,hdellatorrehi
tN36pYh5Hv3G,Theodoric,Miebes,tmiebeshj@geocities.jp,tmiebeshj
9jGODWZuQv,Jacki,Darrow,jdarrowhk@epa.gov,jdarrowhk
2P79bZizAe,Winston,Bromby,wbrombyhl@addtoany.com,wbrombyhl
BBTNsS,Zorah,Joplin,zjoplinhm@ihg.com,zjoplinhm
UhEdFT2,El,Coaker,ecoakerhn@jalbum.net,ecoakerhn
nsNiO6n1,Kristo,Arnoll,karnollho@stanford.edu,karnollho
QqH9OD,Leonie,Dermot,ldermothp@scribd.com,ldermothp
oao9Ebe0,Alexandros,Laherty,alahertyhq@prlog.org,alahertyhq
B1PeczHZa,Shell,Baddiley,sbaddileyhr@chronoengine.com,sbaddileyhr
jFybFqDqc,Natka,Umbers,numbershs@wikipedia.org,numbershs
Ow0YdNbrd,Marne,Sweett,msweettht@cnbc.com,msweettht
0psGC9kBv3,Dolf,Goude,dgoudehu@blog.com,dgoudehu
URz2G3g,Giordano,Streater,gstreaterhv@squidoo.com,gstreaterhv
vaWweR,Carolee,Soane,csoanehw@seattletimes.com,csoanehw
jNXRTNpceIRp,Nikki,Lightollers,nlightollershx@tmall.com,nlightollershx
ffUXtxRL,Parke,Gruszka,pgruszkahy@skyrock.com,pgruszkahy
S2ESgJ1,Victoria,Lyddyard,vlyddyardhz@nih.gov,vlyddyardhz
83HyhT9kogEN,Dyna,Rowet,droweti0@amazon.de,droweti0
F3RcUE4vo,Brittani,Kellen,bkelleni1@edublogs.org,bkelleni1
YoE2tD,Tyrone,Southern,tsoutherni2@princeton.edu,tsoutherni2
m03zkL,Brandtr,Bourges,bbourgesi3@ow.ly,bbourgesi3
3IH5Qdf8Rq,Kriste,Dykes,kdykesi4@tumblr.com,kdykesi4
nwGoWc5lb,Tessa,Eastbrook,teastbrooki5@usa.gov,teastbrooki5
PgQ47IU,Herbert,Dancey,hdanceyi6@tinypic.com,hdanceyi6
IbNz5sy,Bartram,Louca,bloucai7@gov.uk,bloucai7
VeeILx0,Elisabet,Bernhardsson,ebernhardssoni8@princeton.edu,ebernhardssoni8
GP5F612uTXB,Mariele,Clarke,mclarkei9@bbb.org,mclarkei9
jD0QK3cVl,Beau,Lequeux,blequeuxia@blogs.com,blequeuxia
y6jbk66UWD,Kippar,Irlam,kirlamib@cdbaby.com,kirlamib
3zbj8SOA,Arda,Battill,abattillic@cdbaby.com,abattillic
pfnvhwOit,Imelda,Offa,ioffaid@com.com,ioffaid
TWXVxMRuY,Nessie,Timmis,ntimmisie@yelp.com,ntimmisie
bKOxLBK0x,Clem,Zelner,czelnerif@omniture.com,czelnerif
seauWBlVUrG0,Ezechiel,Sondland,esondlandig@exblog.jp,esondlandig
BFWeiZ,Isabelita,Troak,itroakih@nps.gov,itroakih
13rTuww5s,Charita,Gawkroge,cgawkrogeii@wiley.com,cgawkrogeii
BWQPGfUx9,Demetri,Bentote,dbentoteij@hatena.ne.jp,dbentoteij
PMIrFJoT,Dicky,Woolstenholmes,dwoolstenholmesik@gnu.org,dwoolstenholmesik
D1StYejhoC,Stavros,Monery,smoneryil@purevolume.com,smoneryil
7PzE9nK,Sammy,Stanbra,sstanbraim@privacy.gov.au,sstanbraim
Ho2KvYDZm3c,Sharron,Potte,spottein@vistaprint.com,spottein
mi2YGW,Merrill,Chisolm,mchisolmio@pinterest.com,mchisolmio
NAxk4CLca4,Kassi,Amery,kameryip@tripod.com,kameryip
meAK1KEeGP,Brnaby,Chamley,bchamleyiq@google.com.au,bchamleyiq
a6BufPXWVZ,Karyl,Quemby,kquembyir@state.tx.us,kquembyir
gbY3HxN,Missy,Guerri,mguerriis@mapquest.com,mguerriis
FDG5Vz7,Willabella,Senogles,wsenoglesit@arizona.edu,wsenoglesit
SoZAdFbW3DP,Boot,Freeth,bfreethiu@nsw.gov.au,bfreethiu
lHa56eFN,Sonia,Josofovitz,sjosofovitziv@cdbaby.com,sjosofovitziv
zaL2cJN2jUf,Kennith,Stratiff,kstratiffiw@wordpress.com,kstratiffiw
ioOQ6ITo6cO3,Ambrosi,Leil,aleilix@prweb.com,aleilix
wJ84f4atnE,Haywood,Whaymand,hwhaymandiy@home.pl,hwhaymandiy
wsfvbB3pna,Raimondo,Shoulder,rshoulderiz@census.gov,rshoulderiz
Jb0Atj9kQBBG,Enrico,Normavill,enormavillj0@npr.org,enormavillj0
GhD56ySj8,Sanford,Egdale,segdalej1@nih.gov,segdalej1
fzpH16Z8E,Willdon,Bigley,wbigleyj2@joomla.org,wbigleyj2
fMQb1hOtYl,Dorotea,Gealle,dgeallej3@webnode.com,dgeallej3
WoFdlf95YiL,Kendall,Dankersley,kdankersleyj4@squidoo.com,kdankersleyj4
Pnopf6B8Y1a,Sergio,Dole,sdolej5@dot.gov,sdolej5
9ZNXQzL6vF9,Sallie,Southerns,ssouthernsj6@studiopress.com,ssouthernsj6
y5H7horiZv,Kaile,Vandenhoff,kvandenhoffj7@cnn.com,kvandenhoffj7
0G8ENbM9n,Alphard,Sebrook,asebrookj8@feedburner.com,asebrookj8
DforEAXu0H,Catharine,Mongin,cmonginj9@desdev.cn,cmonginj9
RwSGqL1,Isabella,Sharvill,isharvillja@printfriendly.com,isharvillja
LK0xRUtRqL,Elsa,Masse,emassejb@last.fm,emassejb
rFg0OknAQLS,Freddi,Villaret,fvillaretjc@wufoo.com,fvillaretjc
ArkfJl,Ferrell,Mahody,fmahodyjd@angelfire.com,fmahodyjd
8gGFpXSR0K,Brynne,Corton,bcortonje@hp.com,bcortonje
l5towaU,Roberta,McKimm,rmckimmjf@digg.com,rmckimmjf
8uveqZChE,Ranice,Anthes,ranthesjg@google.cn,ranthesjg
SQmXWuUSW8,Beauregard,Eckels,beckelsjh@mlb.com,beckelsjh
uLIQ6IU7YXvA,Blithe,Beckham,bbeckhamji@google.de,bbeckhamji
CbKKWIvhu3Z,Ariana,Cocks,acocksjj@cnn.com,acocksjj
44dJHIUd4,Kermie,Mortel,kmorteljk@gizmodo.com,kmorteljk
7H6jTd,Delmer,Bovey,dboveyjl@ibm.com,dboveyjl
aoeNXam,Hephzibah,Condy,hcondyjm@hhs.gov,hcondyjm
aE0Xe8Cp,Adeline,Jeffels,ajeffelsjn@google.ru,ajeffelsjn
J2Lbk0,Vassili,Tebbet,vtebbetjo@si.edu,vtebbetjo
mvYKjXi,Doy,Stanlock,dstanlockjp@sbwire.com,dstanlockjp
0AotnM2ylG,Carlita,Deekes,cdeekesjq@cbsnews.com,cdeekesjq
y8myxnpe,Eolande,Greasty,egreastyjr@wiley.com,egreastyjr
g5YHLZQBT6,Norina,Mallabone,nmallabonejs@artisteer.com,nmallabonejs
ydRXoHWOl,Tatiana,Labitt,tlabittjt@unesco.org,tlabittjt
YPwUZd,Nixie,Fenkel,nfenkelju@cdbaby.com,nfenkelju
RCiNT1De,Loralee,Niesegen,lniesegenjv@vkontakte.ru,lniesegenjv
DVntVHynpdh,James,Troak,jtroakjw@odnoklassniki.ru,jtroakjw
T8znp3,Israel,Cundey,icundeyjx@merriam-webster.com,icundeyjx
P8rTh1ThHwV,Felecia,Crowdace,fcrowdacejy@gizmodo.com,fcrowdacejy
HrAMa9hja,Dix,Kimbury,dkimburyjz@gmpg.org,dkimburyjz
9DywEWB,Yetty,Punt,ypuntk0@dedecms.com,ypuntk0
kgGmPrnR,Arch,Lynnitt,alynnittk1@reddit.com,alynnittk1
a9hkX2kOSM,Avivah,Cockley,acockleyk2@yahoo.com,acockleyk2
OZviBVcLDX5,York,Tuddall,ytuddallk3@exblog.jp,ytuddallk3
KADlSB162HwV,Nikola,Stutter,nstutterk4@baidu.com,nstutterk4
IwHSX3zQ,Gail,Goolden,ggooldenk5@ibm.com,ggooldenk5
3eIXfY3Wm,Nikos,Skechley,nskechleyk6@mail.ru,nskechleyk6
0UIPgp,Caitlin,Skyner,cskynerk7@epa.gov,cskynerk7
vLN7j7P5fC,Yorke,Schmidt,yschmidtk8@blinklist.com,yschmidtk8
ctiyM7,Sascha,Hakeworth,shakeworthk9@mit.edu,shakeworthk9
j5dmlyLZBp,Mick,Pitson,mpitsonka@purevolume.com,mpitsonka
kUld9mY7A,Marlee,Steenson,msteensonkb@creativecommons.org,msteensonkb
9BM1Xd,Yolane,Lye,ylyekc@scribd.com,ylyekc
uC7nxilNWa3E,Eberto,Jansik,ejansikkd@tumblr.com,ejansikkd
IhfyG8Q,Bren,Kain,bkainke@nytimes.com,bkainke
Cf1FnxXD0,Scarlet,Abramov,sabramovkf@dion.ne.jp,sabramovkf
hB0HVtNZTKA,Kelci,McLewd,kmclewdkg@deliciousdays.com,kmclewdkg
4uY0nsmDw,Binni,Bradnick,bbradnickkh@cbslocal.com,bbradnickkh
Hm5p0r9AKqsk,Esther,Chaff,echaffki@noaa.gov,echaffki
DWuXfG4v,Almeta,Roisen,aroisenkj@de.vu,aroisenkj
B9n5VFAem,Coreen,Vannuccini,cvannuccinikk@nydailynews.com,cvannuccinikk
jKWBwvRr1l,Shina,Jendrusch,sjendruschkl@biblegateway.com,sjendruschkl
TlY7afYA,Jerrome,Stranger,jstrangerkm@desdev.cn,jstrangerkm
f5MosCzEoph,Edin,Gundrey,egundreykn@walmart.com,egundreykn
hvzkSf76Wft9,Dione,McCaughran,dmccaughranko@thetimes.co.uk,dmccaughranko
iBLku4iZv,Onfroi,Mordey,omordeykp@theglobeandmail.com,omordeykp
HAUgPuOmZBy,Dare,Challicombe,dchallicombekq@google.com.au,dchallicombekq
w9RpyEU937,Clemente,Orrick,corrickkr@edublogs.org,corrickkr
IjPrvL0EwuT1,Durant,Crady,dcradyks@istockphoto.com,dcradyks
HQdq1Env7,Querida,Mulmuray,qmulmuraykt@wix.com,qmulmuraykt
KLqKn5mWbNkp,Belinda,Tinghill,btinghillku@theglobeandmail.com,btinghillku
sWtQr5czUz,Ignatius,Dunford,idunfordkv@house.gov,idunfordkv
Pnj6EqPGiTu,Sterne,Gallymore,sgallymorekw@bing.com,sgallymorekw
AbizScu5Kct,Alisa,Kiddye,akiddyekx@reddit.com,akiddyekx
axeIFoM0F,Wynn,Scandrick,wscandrickky@360.cn,wscandrickky
oDC9RgSkg,Meyer,Brands,mbrandskz@ucoz.ru,mbrandskz
lu8SgXJ,Kippie,Jimmison,kjimmisonl0@weather.com,kjimmisonl0
0NeLDGj,Dynah,Lillistone,dlillistonel1@mit.edu,dlillistonel1
QTGWchKV,Thia,Paprotny,tpaprotnyl2@tiny.cc,tpaprotnyl2
q0zUufyfRE8,Clementia,O' Molan,comolanl3@sogou.com,comolanl3
34mL1xzU,Frasco,Murty,fmurtyl4@army.mil,fmurtyl4
RlouqcpyprKh,Lottie,Cannop,lcannopl5@ezinearticles.com,lcannopl5
0jqnzU,Sonya,Lampard,slampardl6@cam.ac.uk,slampardl6
iz2Mmlt2,Maible,Conley,mconleyl7@virginia.edu,mconleyl7
2wyLT9Em,Larissa,Govini,lgovinil8@ft.com,lgovinil8
owOmd80Ksj,Marita,Dufaur,mdufaurl9@diigo.com,mdufaurl9
nDWlOzUyl5,Sara-ann,Gilberthorpe,sgilberthorpela@csmonitor.com,sgilberthorpela
s2D4X71C84OL,Lolly,Earnshaw,learnshawlb@msu.edu,learnshawlb
tcQDGwCnOW,Rycca,Totterdell,rtotterdelllc@berkeley.edu,rtotterdelllc
sCg6Mn,Daron,Guilfoyle,dguilfoyleld@unesco.org,dguilfoyleld
zbZWYRYhx3k,Vernor,Hymers,vhymersle@github.com,vhymersle
Gv98gFuX,Crista,Woodhall,cwoodhalllf@oracle.com,cwoodhalllf
9za1hzCoal,Darwin,Brann,dbrannlg@hexun.com,dbrannlg
Zu2TFVQTDk,Abbye,Radband,aradbandlh@ft.com,aradbandlh
9QuMAXKhSBN,Eda,O'Teague,eoteagueli@soundcloud.com,eoteagueli
ipbLEP6KF,Halie,Sacaze,hsacazelj@huffingtonpost.com,hsacazelj
yucHAZGw,Edith,Duxfield,eduxfieldlk@istockphoto.com,eduxfieldlk
B94WZyDRL,Bertine,Willshaw,bwillshawll@icio.us,bwillshawll
NTufNFqUk45,Jordanna,Lubman,jlubmanlm@wisc.edu,jlubmanlm
21ZVW970N0t,Edie,Tebboth,etebbothln@sogou.com,etebbothln
qtfxGXlUZhvJ,Jeannie,Kirke,jkirkelo@technorati.com,jkirkelo
JW6WdKxC6,Annabel,Linnock,alinnocklp@ifeng.com,alinnocklp
U35st53U,Bobbette,Munnion,bmunnionlq@nba.com,bmunnionlq
b20qiiAMc0z,Meara,Paydon,mpaydonlr@howstuffworks.com,mpaydonlr
cFtRp9UYj,Augusta,Voisey,avoiseyls@hubpages.com,avoiseyls
SWvtSDTehAyu,Sayers,Capener,scapenerlt@utexas.edu,scapenerlt
XnEtOy9gd5,Quentin,Appleby,qapplebylu@springer.com,qapplebylu
J1Q0witpA,Dov,Sieb,dsieblv@webeden.co.uk,dsieblv
MnWEbuCZmiz,Derk,Kittley,dkittleylw@cisco.com,dkittleylw
D15kB1Tbnna,Orson,Brimmacombe,obrimmacombelx@technorati.com,obrimmacombelx
c6bg4CNgwAVJ,Cass,Charity,ccharityly@go.com,ccharityly
ZdX0uHU,Terrell,Foxon,tfoxonlz@de.vu,tfoxonlz
opnm54,Lowrance,Davitashvili,ldavitashvilim0@wsj.com,ldavitashvilim0
DRw23nR6Fj,Kara,Bawme,kbawmem1@elegantthemes.com,kbawmem1
GCSK3MPWii,Flint,Wyss,fwyssm2@imdb.com,fwyssm2
ERz706y9OD,Miguel,Kalisch,mkalischm3@wikispaces.com,mkalischm3
VlXc3knyTccV,Olga,Gelardi,ogelardim4@histats.com,ogelardim4
XMvEC70Y9U,Anselm,Rankine,arankinem5@yellowbook.com,arankinem5
AjH2ZK6t4,Manolo,Alexsandrovich,malexsandrovichm6@discuz.net,malexsandrovichm6
nWCqSXw63N,Giuditta,Row,growm7@ucoz.com,growm7
5jufIHCE,Lisetta,Tremblay,ltremblaym8@psu.edu,ltremblaym8
f0ptco,Ginelle,Meiklejohn,gmeiklejohnm9@cbslocal.com,gmeiklejohnm9
5KKKkhVlHMXA,Zelig,Isselee,zisseleema@miitbeian.gov.cn,zisseleema
SR3B5pcGcAF,Dmitri,Woodworth,dwoodworthmb@constantcontact.com,dwoodworthmb
q0v3fH,Ninnette,Warwick,nwarwickmc@indiatimes.com,nwarwickmc
TpztkPW,Gaultiero,Trayte,gtraytemd@arstechnica.com,gtraytemd
B1NeQLEfP,Bernette,Gutcher,bgutcherme@netscape.com,bgutcherme
B2C5WiUxRe,Hynda,Boyington,hboyingtonmf@booking.com,hboyingtonmf
S2PjTx66z,Sascha,Sillwood,ssillwoodmg@dion.ne.jp,ssillwoodmg
epfFuCr,Wren,Spender,wspendermh@squidoo.com,wspendermh
B6Cu8G,Arlen,Carrier,acarriermi@tuttocitta.it,acarriermi
KnkWA1,Martynne,Southern,msouthernmj@tuttocitta.it,msouthernmj
w0H4HeB0,Helge,Janaud,hjanaudmk@lulu.com,hjanaudmk
T0j5bI91lc,Emmie,Kwietak,ekwietakml@wikia.com,ekwietakml
mZknC6C,Stormie,Hotson,shotsonmm@soundcloud.com,shotsonmm
YExylvY4v4,Jarret,Slowley,jslowleymn@japanpost.jp,jslowleymn
NGQ6CDVIUZ9F,Idalia,Alibone,ialibonemo@nationalgeographic.com,ialibonemo
IGwOFRKT1H,Crysta,Cooksley,ccooksleymp@xing.com,ccooksleymp
5XzqFPeiiSB1,Mariam,Hintzer,mhintzermq@1688.com,mhintzermq
zK2XDIL,Dannel,Thumnel,dthumnelmr@theatlantic.com,dthumnelmr
7Fh0lM4Ck,Ellene,Blodgetts,eblodgettsms@nymag.com,eblodgettsms
aP9dnKDhvQZl,Almeta,Ducker,aduckermt@netvibes.com,aduckermt
vfrdIPpNoKt,Tressa,Birch,tbirchmu@wikispaces.com,tbirchmu
G1z6aCxBWSR,Gracia,Bolens,gbolensmv@pen.io,gbolensmv
tsB8Td4zhK,Nollie,Chainey,nchaineymw@tripadvisor.com,nchaineymw
D0MQvsJE,Hobart,Castiglioni,hcastiglionimx@prlog.org,hcastiglionimx
HHv9jJt,Kellen,Turrill,kturrillmy@tuttocitta.it,kturrillmy
yrPW9YbDQBW,Maxie,Matonin,mmatoninmz@economist.com,mmatoninmz
kHFjXEs2DCT,Arlin,Bridgwater,abridgwatern0@comcast.net,abridgwatern0
WUhlS1,Teresita,Frammingham,tframminghamn1@spotify.com,tframminghamn1
ix0kSmAC,Dillie,Yakov,dyakovn2@cbc.ca,dyakovn2
7fYwgjbOnzYk,Vivian,Morland,vmorlandn3@intel.com,vmorlandn3
JWjthcHbPqQ,Wileen,Bools,wboolsn4@un.org,wboolsn4
QCJlNJiAQj,Zebadiah,Atyea,zatyean5@howstuffworks.com,zatyean5
7VYiviFZ,Benedetta,Casserly,bcasserlyn6@home.pl,bcasserlyn6
PAzHsLYZ,Dorine,Dufaire,ddufairen7@seattletimes.com,ddufairen7
pq2Fwe,Karlene,Troucher,ktrouchern8@studiopress.com,ktrouchern8
luiYcG,Vikky,Sturge,vsturgen9@globo.com,vsturgen9
z1BdxKw7u,Klara,Tomovic,ktomovicna@hugedomains.com,ktomovicna
Qk7fogU,Bria,Caulcutt,bcaulcuttnb@ted.com,bcaulcuttnb
67u62pFG2E,Noami,Brown,nbrownnc@linkedin.com,nbrownnc
9T33wI,Nonna,Bikker,nbikkernd@shinystat.com,nbikkernd
nsHoOPhEB2AV,Miof mela,Barefoot,mbarefootne@vkontakte.ru,mbarefootne
tUtjT7Tii,Kerrie,Keddie,kkeddienf@google.com.au,kkeddienf
JsxVEtho,Hussein,Clyma,hclymang@rediff.com,hclymang
NGy5BHigyyz,Rosalie,Janodet,rjanodetnh@canalblog.com,rjanodetnh
dT0NtEcHUs,Maritsa,Sherbrook,msherbrookni@ihg.com,msherbrookni
YwA7h5Fd50N,Haywood,Woodson,hwoodsonnj@tumblr.com,hwoodsonnj
hHnscm9Zz,Merlina,Sey,mseynk@drupal.org,mseynk
y67Y0NBhB,Quinton,Bater,qbaternl@state.gov,qbaternl
RzKLdrdq,Horace,Cavan,hcavannm@flavors.me,hcavannm
cx26A6Q4,Diann,Vassel,dvasselnn@mapquest.com,dvasselnn
SBYmKJVFJ,Arch,Koomar,akoomarno@tiny.cc,akoomarno
hLM7UrV,Loralyn,Hardiker,lhardikernp@digg.com,lhardikernp
HesHim,Andres,Filchagin,afilchaginnq@naver.com,afilchaginnq
zvQFL8A,Stacy,Lening,sleningnr@furl.net,sleningnr
2YIG26,Annabel,Castagnaro,acastagnarons@clickbank.net,acastagnarons
paDycKY,Stafford,Colleck,scollecknt@senate.gov,scollecknt
1UKt6H8Ls,Nana,Zecchetti,nzecchettinu@free.fr,nzecchettinu
dKjKl4y07ON,Jodee,Gianninotti,jgianninottinv@mozilla.org,jgianninottinv
f3Q6UtWe84yz,Almira,Guilloux,aguillouxnw@qq.com,aguillouxnw
fM9DjiW,Ruthie,Coupland,rcouplandnx@boston.com,rcouplandnx
eKDT3IME,Grantley,Bisco,gbiscony@go.com,gbiscony
D8FVCTSeB,Madelene,Randalston,mrandalstonnz@blog.com,mrandalstonnz
jZhzBkI3b,Caterina,Pembry,cpembryo0@indiatimes.com,cpembryo0
m2R9dW,Land,Wybron,lwybrono1@tmall.com,lwybrono1
xGqfP9IhNgKI,Abbie,Rolfi,arolfio2@telegraph.co.uk,arolfio2
nyz4JFYjXx,Henrie,Dennant,hdennanto3@princeton.edu,hdennanto3
6cXCnxE7kIlN,Lise,Gimber,lgimbero4@usnews.com,lgimbero4
i6BuYj74i,Hussein,Speaks,hspeakso5@mashable.com,hspeakso5
FB362A,Kirsteni,Bever,kbevero6@arizona.edu,kbevero6
RCTIbQXk6,Englebert,Yarrow,eyarrowo7@mlb.com,eyarrowo7
hRc4SZLVCAc,Timoteo,Grigor,tgrigoro8@weibo.com,tgrigoro8
mbfWyS,Urbanus,Willingam,uwillingamo9@theatlantic.com,uwillingamo9
q62ZKydks85,Brook,Hovard,bhovardoa@vistaprint.com,bhovardoa
Or2tYgHwuz,Teddi,Kloster,tklosterob@ca.gov,tklosterob
Gzoq021TPg,Glyn,Hyder,ghyderoc@google.com.hk,ghyderoc
qxth05zjdhTR,Pinchas,Grinikhin,pgrinikhinod@amazon.de,pgrinikhinod
2F3kEXvNlI,Garland,Debill,gdebilloe@utexas.edu,gdebilloe
N4o9mgM8UQUe,Rowena,Quilter,rquilterof@etsy.com,rquilterof
mpzuuTLOhR,Crosby,Vidler,cvidlerog@psu.edu,cvidlerog
OAtPqZneW,Brandtr,Haddow,bhaddowoh@elegantthemes.com,bhaddowoh
rIU6G8,Beck,Timmis,btimmisoi@spiegel.de,btimmisoi
bi9j0VkvR,Eugine,Whitehead,ewhiteheadoj@miibeian.gov.cn,ewhiteheadoj
44AP2tJr,Jacquetta,Goodridge,jgoodridgeok@ucsd.edu,jgoodridgeok
xPXEeRYu4zD,Keslie,Howsan,khowsanol@linkedin.com,khowsanol
dGibnXdUeUC,Leigha,Spender,lspenderom@tuttocitta.it,lspenderom
D7gPDz0tn7,Finlay,Gusticke,fgustickeon@homestead.com,fgustickeon
wgs7C66,Franciskus,Shave,fshaveoo@joomla.org,fshaveoo
FIDupG,Lynsey,Dissman,ldissmanop@berkeley.edu,ldissmanop
JWEtrKbFZZW,Mady,Desorts,mdesortsoq@tinypic.com,mdesortsoq
H5LSyhc,Demetria,Fegan,dfeganor@ehow.com,dfeganor
h4wqCvZK8El,Horatia,Dincey,hdinceyos@barnesandnoble.com,hdinceyos
qb2nLHH,Abdul,Capell,acapellot@comsenz.com,acapellot
mHYGqWNq2X,Dyna,Adamczewski,dadamczewskiou@ebay.co.uk,dadamczewskiou
PAsbItNp8Hca,Stephen,Ewells,sewellsov@pagesperso-orange.fr,sewellsov
CkH8Tx,Eward,Duncanson,eduncansonow@about.com,eduncansonow
oMCx9s,Kay,Elijah,kelijahox@cisco.com,kelijahox
VLalyHmL,Dexter,Costall,dcostalloy@t-online.de,dcostalloy
mzEtza3sKw3,Marie,Berkley,mberkleyoz@people.com.cn,mberkleyoz
wXdUJTAF4E,Hildy,Bushrod,hbushrodp0@hexun.com,hbushrodp0
ArtLW0eTUoM,Bethanne,Rheam,brheamp1@forbes.com,brheamp1
5mic6215,Andriette,Poluzzi,apoluzzip2@imageshack.us,apoluzzip2
51j4qsZ,Melantha,Frank,mfrankp3@topsy.com,mfrankp3
bdJILizEKfE,Archambault,Ibeson,aibesonp4@squarespace.com,aibesonp4
wJsUe23RsG7,Ernestus,Hurdiss,ehurdissp5@behance.net,ehurdissp5
eJWgZ2gzXw0,Annette,Lomen,alomenp6@ycombinator.com,alomenp6
8NYX7yyrr,Jemie,Zorzenoni,jzorzenonip7@springer.com,jzorzenonip7
9CCZSxbHkWq,Britteny,Matterdace,bmatterdacep8@dedecms.com,bmatterdacep8
Ac2xKgWY,Candis,Rapi,crapip9@drupal.org,crapip9
Fdk8u9r10,Yolande,Wabe,ywabepa@boston.com,ywabepa
7btV3g8zpt,Aleen,Beardsell,abeardsellpb@discovery.com,abeardsellpb
HiWc0S,Roxane,Tregale,rtregalepc@histats.com,rtregalepc
W2HIs9,Legra,Angrick,langrickpd@skype.com,langrickpd
WvnLq8K,Griffie,Tissier,gtissierpe@meetup.com,gtissierpe
j8TbKBam8tyt,Brit,Kalkhoven,bkalkhovenpf@ocn.ne.jp,bkalkhovenpf
l8jdRWSl4Bd,Sibylle,Bareham,sbarehampg@google.it,sbarehampg
xqHIVjee3hL,Eleni,Neno,enenoph@wiley.com,enenoph
wDFgyLbGl,Cecelia,Peascod,cpeascodpi@earthlink.net,cpeascodpi
21AcgEuD24,Mayor,Jamme,mjammepj@surveymonkey.com,mjammepj
AsTpAfR4vYQl,Adela,Nannetti,anannettipk@exblog.jp,anannettipk
5qoxm75,Marthena,Brine,mbrinepl@dot.gov,mbrinepl
oTVyyvzBE,Suzann,Tiery,stierypm@hp.com,stierypm
giOQ5nxK4FrK,Vernon,Walenta,vwalentapn@java.com,vwalentapn
2E103mk,Anders,Salzburger,asalzburgerpo@hao123.com,asalzburgerpo
nqrVLo9il1zB,Nevsa,Rawsthorne,nrawsthornepp@eventbrite.com,nrawsthornepp
n4qXuovUkft3,Harlie,Towner,htownerpq@deviantart.com,htownerpq
3iHju5wdSB,Lila,Ayrton,layrtonpr@uol.com.br,layrtonpr
o8UuttnH,Addie,Simonaitis,asimonaitisps@ibm.com,asimonaitisps
dkFj4eP,Caldwell,Bedwell,cbedwellpt@kickstarter.com,cbedwellpt
wlJpJjw,Barbabra,McLean,bmcleanpu@w3.org,bmcleanpu
gxa6poBpxMdu,Tresa,Shillan,tshillanpv@accuweather.com,tshillanpv
VD3Hu3mr6N,Cob,Bentzen,cbentzenpw@psu.edu,cbentzenpw
v7z5V2nrO6,Ciel,Restieaux,crestieauxpx@archive.org,crestieauxpx
ttUjzG0nBM,Charles,Labell,clabellpy@weebly.com,clabellpy
tePTHWQ,Hartley,Du Fray,hdufraypz@goodreads.com,hdufraypz
0cpa1RX7KOO,Alanah,Jertz,ajertzq0@wikia.com,ajertzq0
q02B0Qc,Marcello,Challicombe,mchallicombeq1@guardian.co.uk,mchallicombeq1
XLE66Mw0,Quinlan,Swanbourne,qswanbourneq2@seattletimes.com,qswanbourneq2
OVvwZf,Skipp,Birney,sbirneyq3@hao123.com,sbirneyq3
aprIk22pI,Fallon,Dagon,fdagonq4@shutterfly.com,fdagonq4
P4n6do5L,Bronnie,Dmisek,bdmisekq5@noaa.gov,bdmisekq5
JP2MAncrlT,Ronni,Iddon,riddonq6@biblegateway.com,riddonq6
jV08ZSmxip,Gwendolen,Uttridge,guttridgeq7@foxnews.com,guttridgeq7
OScLJhcFBo,Gracie,Frain,gfrainq8@mac.com,gfrainq8
JMBed8invo9,Dolores,McKeurton,dmckeurtonq9@studiopress.com,dmckeurtonq9
RLsmJ5jtemJ,Tait,MacGowan,tmacgowanqa@wp.com,tmacgowanqa
4WLgwcPyamWR,Hedvig,Hanmer,hhanmerqb@tamu.edu,hhanmerqb
oNHek3eRpy31,Aleen,Woodthorpe,awoodthorpeqc@ca.gov,awoodthorpeqc
4hCj3CCLQq50,Corinne,Baynom,cbaynomqd@nymag.com,cbaynomqd
2OJHrqieahIG,Quintin,Almeida,qalmeidaqe@goo.gl,qalmeidaqe
0EaE19se,Amil,Benting,abentingqf@tamu.edu,abentingqf
dI3ZFfyAF8,Katti,Archdeckne,karchdeckneqg@ihg.com,karchdeckneqg
N1lDaAMN,Doro,Bowkett,dbowkettqh@disqus.com,dbowkettqh
5JZu7iB,Crissie,Cattellion,ccattellionqi@github.com,ccattellionqi
2VUa4q6LzVV,Des,Bonnett,dbonnettqj@google.com,dbonnettqj
Lemc5pcv,Bette-ann,Griffitt,bgriffittqk@paypal.com,bgriffittqk
v0u5jWtoNq,Doyle,McCrone,dmccroneql@nydailynews.com,dmccroneql
l978r5qynBO,Lawry,Greneham,lgrenehamqm@exblog.jp,lgrenehamqm
0k5TfWS,Tris,MacGowan,tmacgowanqn@comcast.net,tmacgowanqn
E4IUef,Kelsey,Jiran,kjiranqo@comsenz.com,kjiranqo
qQIamm49PB,Phillie,Cowden,pcowdenqp@chicagotribune.com,pcowdenqp
fdyEfSudjpns,Etta,Lavis,elavisqq@squidoo.com,elavisqq
1z6gwQ,Briana,Perassi,bperassiqr@ed.gov,bperassiqr
4KTLiTyiA,Lowell,Boden,lbodenqs@telegraph.co.uk,lbodenqs
l1DUj8wiTMun,Giulietta,Vlies,gvliesqt@skype.com,gvliesqt
IegFD4ab,Lanna,Claypoole,lclaypoolequ@cdbaby.com,lclaypoolequ
fEIHMlsxkp4,Alyce,Tosh,atoshqv@liveinternet.ru,atoshqv
OlRNAbk7aS,Osbourne,Bunten,obuntenqw@yandex.ru,obuntenqw
VknETYuB,Claire,Bentz,cbentzqx@cnn.com,cbentzqx
oktJV8kXro,Tawsha,Cornfield,tcornfieldqy@disqus.com,tcornfieldqy
vjkoZ3TI,Crissie,Fattori,cfattoriqz@purevolume.com,cfattoriqz
1YN40uT,Laraine,Loody,lloodyr0@comcast.net,lloodyr0
z7cHMd,Estrella,Pic,epicr1@amazon.de,epicr1
xJsVei3u,Casar,Bricket,cbricketr2@prnewswire.com,cbricketr2
hP6VDrvc,Tobin,Tolhurst,ttolhurstr3@homestead.com,ttolhurstr3
LhVxzM,Rosetta,Vautin,rvautinr4@nationalgeographic.com,rvautinr4
DxU024w8deW,Marji,Tearle,mtearler5@pcworld.com,mtearler5
J9h6sTj4,Hurlee,Wigfield,hwigfieldr6@nytimes.com,hwigfieldr6
Qj0IXQBQp4H,Mick,Blincoe,mblincoer7@flavors.me,mblincoer7
78e5ua2,Trude,Quixley,tquixleyr8@washington.edu,tquixleyr8
qUfCH01b,Adorne,Ind,aindr9@npr.org,aindr9
eZ6ihgQE6Sr,Stefa,Eke,sekera@nih.gov,sekera
Jet9iIFY7c58,Cyndy,Tonbye,ctonbyerb@xing.com,ctonbyerb
GkMZok5,Kristyn,Verdey,kverdeyrc@columbia.edu,kverdeyrc
eaiaIf,Alida,Itzkov,aitzkovrd@dailymotion.com,aitzkovrd
msMX2ZUi,Brittney,Rowbotham,browbothamre@163.com,browbothamre
vjSl8gtDrtEQ,Standford,MacMenamie,smacmenamierf@unicef.org,smacmenamierf
TTQ0Xij4EH6E,Eddi,Tillyer,etillyerrg@uol.com.br,etillyerrg
3AbF0sLRXD,Patrizio,Kier,pkierrh@reference.com,pkierrh
Cbo039NoZH,Ryley,Hazle,rhazleri@wp.com,rhazleri
CCAx1mdYOjPn,Dulcine,McKew,dmckewrj@narod.ru,dmckewrj
I9kPaFjh,Thelma,Applegate,tapplegaterk@t.co,tapplegaterk
PmTBUuEpIZ,Aloysia,McMorland,amcmorlandrl@phoca.cz,amcmorlandrl
EyRHVRm,Tanner,Gaskin,tgaskinrm@army.mil,tgaskinrm
VEblKyPrs,Kellie,Spira,kspirarn@ning.com,kspirarn
YH55zGEMh,Flemming,Pech,fpechro@cmu.edu,fpechro
4VFx62RJ0OTT,Darnell,Bethune,dbethunerp@miitbeian.gov.cn,dbethunerp
3sR4rHP9cQg,Michal,Theaker,mtheakerrq@php.net,mtheakerrq
IJcNDiKnd,Skippie,Charlot,scharlotrr@etsy.com,scharlotrr
